measure_id,measure_name,location_id,location_name,sex_id,sex_name,age_id,age_name,cause_id,cause_name,metric_id,metric_name,year,val,upper,lower
1,Deaths,4624,Greater London,1,Male,8,15 to 19,294,All causes,1,Number,2017,62.31249361039233,63.46502681690294,61.194093307311256
1,Deaths,4624,Greater London,2,Female,8,15 to 19,294,All causes,1,Number,2017,27.85857570517789,28.40232366186538,27.305036523384572
1,Deaths,4624,Greater London,1,Male,9,20 to 24,294,All causes,1,Number,2017,120.51471657863216,122.55348106985564,118.38541868826329
1,Deaths,4624,Greater London,2,Female,9,20 to 24,294,All causes,1,Number,2017,50.598240221417754,51.57128703177485,49.613248716944675
1,Deaths,4624,Greater London,1,Male,10,25 to 29,294,All causes,1,Number,2017,165.10514767652384,167.87548613541384,162.34527873424682
1,Deaths,4624,Greater London,2,Female,10,25 to 29,294,All causes,1,Number,2017,74.01235588439333,75.55619916784855,72.4710666393679
1,Deaths,4624,Greater London,1,Male,11,30 to 34,294,All causes,1,Number,2017,230.22555315813725,234.0118290711556,226.34428693503452
1,Deaths,4624,Greater London,2,Female,11,30 to 34,294,All causes,1,Number,2017,115.16818237586209,117.64496541063295,112.73293770399165
1,Deaths,4624,Greater London,1,Male,12,35 to 39,294,All causes,1,Number,2017,306.4373104398036,312.0881253421738,300.9204870374337
1,Deaths,4624,Greater London,2,Female,12,35 to 39,294,All causes,1,Number,2017,164.3142963028171,168.15121619771963,160.5711499753525
1,Deaths,4624,Greater London,1,Male,13,40 to 44,294,All causes,1,Number,2017,422.22321397863294,429.93220674556846,414.4976253536022
1,Deaths,4624,Greater London,2,Female,13,40 to 44,294,All causes,1,Number,2017,257.18535727743324,262.89895814385414,251.79007146516423
1,Deaths,4624,Greater London,1,Male,14,45 to 49,294,All causes,1,Number,2017,639.1994911803342,651.1178208286289,627.2797632828501
1,Deaths,4624,Greater London,2,Female,14,45 to 49,294,All causes,1,Number,2017,415.7234762314683,424.481826664769,407.3979436642807
1,Deaths,4624,Greater London,1,Male,15,50 to 54,294,All causes,1,Number,2017,972.6876584535573,990.6400980159467,955.1287351021188
1,Deaths,4624,Greater London,2,Female,15,50 to 54,294,All causes,1,Number,2017,638.7738689489502,651.6132561886848,626.7149235339086
1,Deaths,4624,Greater London,1,Male,16,55 to 59,294,All causes,1,Number,2017,1210.768279960019,1232.662465642456,1190.102373278469
1,Deaths,4624,Greater London,2,Female,16,55 to 59,294,All causes,1,Number,2017,822.8285229955596,839.2628180873185,807.4391730056371
1,Deaths,4624,Greater London,1,Male,17,60 to 64,294,All causes,1,Number,2017,1534.5721909113017,1560.7853029770001,1509.7693830688577
1,Deaths,4624,Greater London,2,Female,17,60 to 64,294,All causes,1,Number,2017,969.5536319795013,988.2321311193728,951.8689443714973
1,Deaths,4624,Greater London,1,Male,18,65 to 69,294,All causes,1,Number,2017,2053.67936558804,2087.8694124545445,2021.4134640906686
1,Deaths,4624,Greater London,2,Female,18,65 to 69,294,All causes,1,Number,2017,1405.7670127334322,1433.9851661115938,1379.0755027158457
1,Deaths,4624,Greater London,1,Male,19,70 to 74,294,All causes,1,Number,2017,2446.329858836479,2487.7438621928277,2408.1430401352686
1,Deaths,4624,Greater London,2,Female,19,70 to 74,294,All causes,1,Number,2017,1926.9947726014432,1967.3917944143934,1888.0648217745443
1,Deaths,4624,Greater London,1,Male,20,75 to 79,294,All causes,1,Number,2017,3171.274939400096,3224.207322210099,3122.595963739815
1,Deaths,4624,Greater London,2,Female,20,75 to 79,294,All causes,1,Number,2017,2552.825379845485,2605.7830365890395,2502.653499830291
1,Deaths,4624,Greater London,1,Male,21,80 plus,294,All causes,1,Number,2017,10971.956834748393,11106.551890115223,10845.08406540302
1,Deaths,4624,Greater London,2,Female,21,80 plus,294,All causes,1,Number,2017,14866.84695334924,15087.250129230797,14659.07663455012
1,Deaths,4622,West Midlands,1,Male,8,15 to 19,294,All causes,1,Number,2017,49.56058508207469,51.10068881985409,48.11236971392355
1,Deaths,4622,West Midlands,2,Female,8,15 to 19,294,All causes,1,Number,2017,28.91024550642661,29.751529256588878,28.072576596356733
1,Deaths,4622,West Midlands,1,Male,9,20 to 24,294,All causes,1,Number,2017,89.43489279855184,92.13503463380137,86.87949256804882
1,Deaths,4622,West Midlands,2,Female,9,20 to 24,294,All causes,1,Number,2017,54.011585258376336,55.798889646983,52.201027012420816
1,Deaths,4622,West Midlands,1,Male,10,25 to 29,294,All causes,1,Number,2017,114.06120511787832,117.40597141480144,110.89824153763864
1,Deaths,4622,West Midlands,2,Female,10,25 to 29,294,All causes,1,Number,2017,68.77757706965579,71.09306534254567,66.53255903167842
1,Deaths,4622,West Midlands,1,Male,11,30 to 34,294,All causes,1,Number,2017,193.20435407609992,198.7196606112177,187.92895409816165
1,Deaths,4622,West Midlands,2,Female,11,30 to 34,294,All causes,1,Number,2017,97.46172231099082,100.69415478936797,94.18624737247683
1,Deaths,4622,West Midlands,1,Male,12,35 to 39,294,All causes,1,Number,2017,208.6373407072563,215.30328540830854,202.52100103158523
1,Deaths,4622,West Midlands,2,Female,12,35 to 39,294,All causes,1,Number,2017,140.6652791929024,145.8487308287142,135.4098763976493
1,Deaths,4622,West Midlands,1,Male,13,40 to 44,294,All causes,1,Number,2017,324.7254424189114,335.47546569023496,314.7722512002709
1,Deaths,4622,West Midlands,2,Female,13,40 to 44,294,All causes,1,Number,2017,198.24286602358333,204.86230204383588,191.4414973532337
1,Deaths,4622,West Midlands,1,Male,14,45 to 49,294,All causes,1,Number,2017,545.7441466164229,563.2754399194471,529.2789707996942
1,Deaths,4622,West Midlands,2,Female,14,45 to 49,294,All causes,1,Number,2017,318.388654036065,328.40974252261447,308.3702424709856
1,Deaths,4622,West Midlands,1,Male,15,50 to 54,294,All causes,1,Number,2017,806.1266661708577,831.03347551444,781.8707569407916
1,Deaths,4622,West Midlands,2,Female,15,50 to 54,294,All causes,1,Number,2017,537.5441454212437,553.3945713127843,521.5822907020802
1,Deaths,4622,West Midlands,1,Male,16,55 to 59,294,All causes,1,Number,2017,1081.4088235308438,1113.5778735104232,1050.18065123466
1,Deaths,4622,West Midlands,2,Female,16,55 to 59,294,All causes,1,Number,2017,749.4721291122495,771.02885482555,727.5673558226674
1,Deaths,4622,West Midlands,1,Male,17,60 to 64,294,All causes,1,Number,2017,1519.6251193225487,1560.8951470340035,1478.9682489893503
1,Deaths,4622,West Midlands,2,Female,17,60 to 64,294,All causes,1,Number,2017,1016.8352685404909,1045.5560673942596,988.1471824351709
1,Deaths,4622,West Midlands,1,Male,18,65 to 69,294,All causes,1,Number,2017,2375.6407009289524,2440.1448927509286,2314.1417348126297
1,Deaths,4622,West Midlands,2,Female,18,65 to 69,294,All causes,1,Number,2017,1642.9685469505441,1690.399143272748,1595.3038156653988
1,Deaths,4622,West Midlands,1,Male,19,70 to 74,294,All causes,1,Number,2017,3095.9226108556463,3179.430221695373,3014.539362226057
1,Deaths,4622,West Midlands,2,Female,19,70 to 74,294,All causes,1,Number,2017,2206.1257760472695,2271.1891264142423,2140.3322866712247
1,Deaths,4622,West Midlands,1,Male,20,75 to 79,294,All causes,1,Number,2017,3926.286384641408,4028.9390623333557,3825.319172166149
1,Deaths,4622,West Midlands,2,Female,20,75 to 79,294,All causes,1,Number,2017,2988.6582694862363,3075.601667914149,2901.617539138698
1,Deaths,4622,West Midlands,1,Male,21,80 plus,294,All causes,1,Number,2017,12728.365921071343,12984.498252374067,12486.481992101382
1,Deaths,4622,West Midlands,2,Female,21,80 plus,294,All causes,1,Number,2017,17398.881972419975,17752.723305830703,17034.89758065272
1,Deaths,4625,South East England,1,Male,8,15 to 19,294,All causes,1,Number,2017,67.38130593809291,69.3908260953285,65.49603012063088
1,Deaths,4625,South East England,2,Female,8,15 to 19,294,All causes,1,Number,2017,31.72094934409143,32.577034341336834,30.861843494081306
1,Deaths,4625,South East England,1,Male,9,20 to 24,294,All causes,1,Number,2017,133.77327670785198,137.91886558447175,129.9665574505275
1,Deaths,4625,South East England,2,Female,9,20 to 24,294,All causes,1,Number,2017,43.91547146466946,45.24820035252677,42.685532086798986
1,Deaths,4625,South East England,1,Male,10,25 to 29,294,All causes,1,Number,2017,170.3509960522093,175.14032959243505,165.8372950959337
1,Deaths,4625,South East England,2,Female,10,25 to 29,294,All causes,1,Number,2017,77.04859251007284,79.56571983139153,74.57982489549437
1,Deaths,4625,South East England,1,Male,11,30 to 34,294,All causes,1,Number,2017,221.44499222523416,227.64325359567866,215.57335700839243
1,Deaths,4625,South East England,2,Female,11,30 to 34,294,All causes,1,Number,2017,137.42967716478748,141.70799461595848,132.89254686068602
1,Deaths,4625,South East England,1,Male,12,35 to 39,294,All causes,1,Number,2017,258.0969160271839,265.9010125851585,250.70074142739193
1,Deaths,4625,South East England,2,Female,12,35 to 39,294,All causes,1,Number,2017,170.1848762698828,176.22148821153547,164.03104001908875
1,Deaths,4625,South East England,1,Male,13,40 to 44,294,All causes,1,Number,2017,414.91501106980746,428.2944412881213,402.18833447741935
1,Deaths,4625,South East England,2,Female,13,40 to 44,294,All causes,1,Number,2017,268.29177119421007,277.29038022253377,259.14655658878587
1,Deaths,4625,South East England,1,Male,14,45 to 49,294,All causes,1,Number,2017,689.7942429751897,712.8417911435645,667.8970916785486
1,Deaths,4625,South East England,2,Female,14,45 to 49,294,All causes,1,Number,2017,461.68825447170934,476.4904407847032,446.75855951710514
1,Deaths,4625,South East England,1,Male,15,50 to 54,294,All causes,1,Number,2017,1025.94902921708,1059.2485432014425,995.1018802638016
1,Deaths,4625,South East England,2,Female,15,50 to 54,294,All causes,1,Number,2017,737.3029304213575,760.2897038389774,714.5380762986823
1,Deaths,4625,South East England,1,Male,16,55 to 59,294,All causes,1,Number,2017,1503.2407289989699,1550.5564875210637,1459.4386469882731
1,Deaths,4625,South East England,2,Female,16,55 to 59,294,All causes,1,Number,2017,1069.2026735462136,1102.321431315577,1036.4511351833041
1,Deaths,4625,South East England,1,Male,17,60 to 64,294,All causes,1,Number,2017,2024.8858359735152,2083.536940162512,1969.831998645079
1,Deaths,4625,South East England,2,Female,17,60 to 64,294,All causes,1,Number,2017,1357.9109824717443,1398.8014504391533,1317.3930049346895
1,Deaths,4625,South East England,1,Male,18,65 to 69,294,All causes,1,Number,2017,3193.6509380929356,3286.371598304694,3108.500311493737
1,Deaths,4625,South East England,2,Female,18,65 to 69,294,All causes,1,Number,2017,2233.466153310548,2302.9987914423277,2165.060981760543
1,Deaths,4625,South East England,1,Male,19,70 to 74,294,All causes,1,Number,2017,4225.3090974636925,4347.578128041111,4112.980197224169
1,Deaths,4625,South East England,2,Female,19,70 to 74,294,All causes,1,Number,2017,3120.9320123884495,3221.611732143406,3020.901048314691
1,Deaths,4625,South East England,1,Male,20,75 to 79,294,All causes,1,Number,2017,5338.4282676594385,5487.569263179799,5200.39313066337
1,Deaths,4625,South East England,2,Female,20,75 to 79,294,All causes,1,Number,2017,4284.975162666218,4419.833455166467,4151.696961839356
1,Deaths,4625,South East England,1,Male,21,80 plus,294,All causes,1,Number,2017,20547.343502942676,20970.230181012863,20134.416609951095
1,Deaths,4625,South East England,2,Female,21,80 plus,294,All causes,1,Number,2017,28355.446851806646,28980.870527790088,27744.928241761158
1,Deaths,4623,East of England,1,Male,8,15 to 19,294,All causes,1,Number,2017,36.738823892325634,38.11470724182227,35.46171719613683
1,Deaths,4623,East of England,2,Female,8,15 to 19,294,All causes,1,Number,2017,29.372218683297252,30.395208640803176,28.401794370372507
1,Deaths,4623,East of England,1,Male,9,20 to 24,294,All causes,1,Number,2017,103.80979798406217,107.72825472649176,100.19865802656876
1,Deaths,4623,East of England,2,Female,9,20 to 24,294,All causes,1,Number,2017,41.64410540135326,43.205613316875436,40.073745172840084
1,Deaths,4623,East of England,1,Male,10,25 to 29,294,All causes,1,Number,2017,116.24419037888835,120.38945871774104,112.36111099272516
1,Deaths,4623,East of England,2,Female,10,25 to 29,294,All causes,1,Number,2017,55.65748788140598,57.89209225827734,53.50281284171526
1,Deaths,4623,East of England,1,Male,11,30 to 34,294,All causes,1,Number,2017,158.01833514607608,163.50406159370485,152.92187842809912
1,Deaths,4623,East of England,2,Female,11,30 to 34,294,All causes,1,Number,2017,82.79651428516522,86.20131424807211,79.36342209681591
1,Deaths,4623,East of England,1,Male,12,35 to 39,294,All causes,1,Number,2017,213.19967798955983,221.60526583632927,205.27360615268697
1,Deaths,4623,East of England,2,Female,12,35 to 39,294,All causes,1,Number,2017,111.32875344437736,116.62589787604392,106.24028354374002
1,Deaths,4623,East of England,1,Male,13,40 to 44,294,All causes,1,Number,2017,292.2654684786285,304.31913091643327,280.95049184712826
1,Deaths,4623,East of England,2,Female,13,40 to 44,294,All causes,1,Number,2017,183.9916654215576,192.25402528747384,175.91391620637808
1,Deaths,4623,East of England,1,Male,14,45 to 49,294,All causes,1,Number,2017,441.3530859748885,459.86985699033994,424.0719827196924
1,Deaths,4623,East of England,2,Female,14,45 to 49,294,All causes,1,Number,2017,336.6880526953827,350.7404260968636,322.83779848122686
1,Deaths,4623,East of England,1,Male,15,50 to 54,294,All causes,1,Number,2017,743.2467865074208,774.1458126575187,714.290028996249
1,Deaths,4623,East of England,2,Female,15,50 to 54,294,All causes,1,Number,2017,520.539552147704,541.0027982326038,500.20394323394225
1,Deaths,4623,East of England,1,Male,16,55 to 59,294,All causes,1,Number,2017,998.1472604157842,1037.4169299935952,961.488919178806
1,Deaths,4623,East of England,2,Female,16,55 to 59,294,All causes,1,Number,2017,732.905909185779,761.7196438276585,704.4823177791371
1,Deaths,4623,East of England,1,Male,17,60 to 64,294,All causes,1,Number,2017,1382.240599136277,1432.7881713875513,1335.0744970095388
1,Deaths,4623,East of England,2,Female,17,60 to 64,294,All causes,1,Number,2017,995.6545788722835,1033.0799087781,958.5428669522746
1,Deaths,4623,East of England,1,Male,18,65 to 69,294,All causes,1,Number,2017,2211.5025466714574,2291.3673006372915,2137.1613599006637
1,Deaths,4623,East of England,2,Female,18,65 to 69,294,All causes,1,Number,2017,1618.4847716765807,1682.2065695795086,1555.6709490605733
1,Deaths,4623,East of England,1,Male,19,70 to 74,294,All causes,1,Number,2017,3055.4349419666837,3166.0864688445513,2953.2486502988236
1,Deaths,4623,East of England,2,Female,19,70 to 74,294,All causes,1,Number,2017,2218.6016411001056,2308.8563780509394,2129.1316927385615
1,Deaths,4623,East of England,1,Male,20,75 to 79,294,All causes,1,Number,2017,3834.9279425261257,3969.9187225518353,3709.2795815323625
1,Deaths,4623,East of England,2,Female,20,75 to 79,294,All causes,1,Number,2017,3040.5192674218592,3162.3847799849195,2919.512132951302
1,Deaths,4623,East of England,1,Male,21,80 plus,294,All causes,1,Number,2017,14472.356812967972,14848.16314637975,14120.965185868301
1,Deaths,4623,East of England,2,Female,21,80 plus,294,All causes,1,Number,2017,19345.042958292743,19894.605122166737,18817.399812299358
1,Deaths,4621,East Midlands,1,Male,8,15 to 19,294,All causes,1,Number,2017,44.34932828857965,45.8488387844381,42.81100521712613
1,Deaths,4621,East Midlands,2,Female,8,15 to 19,294,All causes,1,Number,2017,21.45808572823217,22.250943456978302,20.68629688663844
1,Deaths,4621,East Midlands,1,Male,9,20 to 24,294,All causes,1,Number,2017,92.30497187409225,95.5490672730962,89.02347862073486
1,Deaths,4621,East Midlands,2,Female,9,20 to 24,294,All causes,1,Number,2017,24.352680281931647,25.314388826592335,23.378102615880728
1,Deaths,4621,East Midlands,1,Male,10,25 to 29,294,All causes,1,Number,2017,103.77292548977911,107.24790429201587,100.37248066558733
1,Deaths,4621,East Midlands,2,Female,10,25 to 29,294,All causes,1,Number,2017,40.3405876236303,41.99781540756932,38.68475190958981
1,Deaths,4621,East Midlands,1,Male,11,30 to 34,294,All causes,1,Number,2017,122.98806582849409,127.18005945602532,118.90279981604162
1,Deaths,4621,East Midlands,2,Female,11,30 to 34,294,All causes,1,Number,2017,66.09730208177213,68.87421085958975,63.33200137252518
1,Deaths,4621,East Midlands,1,Male,12,35 to 39,294,All causes,1,Number,2017,160.6140879421654,166.60268043798732,154.88034399275392
1,Deaths,4621,East Midlands,2,Female,12,35 to 39,294,All causes,1,Number,2017,96.82118386409206,101.40115811566065,92.26848892720088
1,Deaths,4621,East Midlands,1,Male,13,40 to 44,294,All causes,1,Number,2017,258.171984704596,267.92355775019325,248.50196178877877
1,Deaths,4621,East Midlands,2,Female,13,40 to 44,294,All causes,1,Number,2017,155.94689640293132,162.86266516963045,148.85972281297063
1,Deaths,4621,East Midlands,1,Male,14,45 to 49,294,All causes,1,Number,2017,386.2944511422646,401.3413834735601,371.44008657083424
1,Deaths,4621,East Midlands,2,Female,14,45 to 49,294,All causes,1,Number,2017,273.709840447271,285.0009109977404,261.90543568595444
1,Deaths,4621,East Midlands,1,Male,15,50 to 54,294,All causes,1,Number,2017,620.2592134278406,644.2060859315568,596.9913697012205
1,Deaths,4621,East Midlands,2,Female,15,50 to 54,294,All causes,1,Number,2017,433.18561161194117,450.34192102678213,415.41169329976873
1,Deaths,4621,East Midlands,1,Male,16,55 to 59,294,All causes,1,Number,2017,875.766397836846,907.7060472193722,843.6796027428875
1,Deaths,4621,East Midlands,2,Female,16,55 to 59,294,All causes,1,Number,2017,626.6262343538249,650.6795245337191,601.3838444861454
1,Deaths,4621,East Midlands,1,Male,17,60 to 64,294,All causes,1,Number,2017,1205.8160184951842,1246.341695618071,1164.8414069319176
1,Deaths,4621,East Midlands,2,Female,17,60 to 64,294,All causes,1,Number,2017,834.5802651826646,866.0598125666804,802.0849773946455
1,Deaths,4621,East Midlands,1,Male,18,65 to 69,294,All causes,1,Number,2017,1964.8561454984886,2029.7263007004485,1899.0594083087424
1,Deaths,4621,East Midlands,2,Female,18,65 to 69,294,All causes,1,Number,2017,1352.2694579633812,1404.8056045501114,1297.833627586286
1,Deaths,4621,East Midlands,1,Male,19,70 to 74,294,All causes,1,Number,2017,2592.5467614428903,2679.5690417913934,2505.5996555203583
1,Deaths,4621,East Midlands,2,Female,19,70 to 74,294,All causes,1,Number,2017,1908.0243538733707,1986.1793858187034,1829.4309534175613
1,Deaths,4621,East Midlands,1,Male,20,75 to 79,294,All causes,1,Number,2017,3202.9335184865954,3307.1467982557074,3098.118883281205
1,Deaths,4621,East Midlands,2,Female,20,75 to 79,294,All causes,1,Number,2017,2555.167234036607,2657.359077871621,2452.055412775487
1,Deaths,4621,East Midlands,1,Male,21,80 plus,294,All causes,1,Number,2017,10559.15253340548,10811.515216757518,10298.14104613752
1,Deaths,4621,East Midlands,2,Female,21,80 plus,294,All causes,1,Number,2017,14294.843231786928,14691.43490562159,13899.907256299277
1,Deaths,4636,Wales,1,Male,8,15 to 19,294,All causes,1,Number,2017,34.54307920228297,37.41074566693812,31.538785974797488
1,Deaths,4636,Wales,2,Female,8,15 to 19,294,All causes,1,Number,2017,16.659160145589123,18.238796354563725,15.328979487033855
1,Deaths,4636,Wales,1,Male,9,20 to 24,294,All causes,1,Number,2017,58.352030665125355,63.239523459198814,53.28230232631202
1,Deaths,4636,Wales,2,Female,9,20 to 24,294,All causes,1,Number,2017,24.07340956444467,26.576812808787416,22.00203778627874
1,Deaths,4636,Wales,1,Male,10,25 to 29,294,All causes,1,Number,2017,91.97076955172423,99.33061081936782,84.47342889649211
1,Deaths,4636,Wales,2,Female,10,25 to 29,294,All causes,1,Number,2017,32.61954109847399,36.27112019115188,29.58897349720462
1,Deaths,4636,Wales,1,Male,11,30 to 34,294,All causes,1,Number,2017,99.8889886987506,108.02276549421197,91.65080456147352
1,Deaths,4636,Wales,2,Female,11,30 to 34,294,All causes,1,Number,2017,47.48150317989483,52.87253995396958,43.0196463796117
1,Deaths,4636,Wales,1,Male,12,35 to 39,294,All causes,1,Number,2017,160.68992269824875,175.00428300963478,146.3560929820804
1,Deaths,4636,Wales,2,Female,12,35 to 39,294,All causes,1,Number,2017,66.85369844885241,74.97586114443851,59.73812331286819
1,Deaths,4636,Wales,1,Male,13,40 to 44,294,All causes,1,Number,2017,204.6378823534119,223.68831131085196,185.72653208510675
1,Deaths,4636,Wales,2,Female,13,40 to 44,294,All causes,1,Number,2017,110.40538257488394,122.87740900004673,99.41837085025712
1,Deaths,4636,Wales,1,Male,14,45 to 49,294,All causes,1,Number,2017,328.34853409815787,359.2614006879774,297.53330092043814
1,Deaths,4636,Wales,2,Female,14,45 to 49,294,All causes,1,Number,2017,177.42539085983864,196.12968315293725,160.85337721284188
1,Deaths,4636,Wales,1,Male,15,50 to 54,294,All causes,1,Number,2017,454.72183848053623,496.5690932345805,412.961980645632
1,Deaths,4636,Wales,2,Female,15,50 to 54,294,All causes,1,Number,2017,322.24661481462266,354.6444808759941,293.4907379569739
1,Deaths,4636,Wales,1,Male,16,55 to 59,294,All causes,1,Number,2017,658.721961369569,715.8963779495283,601.3438558187169
1,Deaths,4636,Wales,2,Female,16,55 to 59,294,All causes,1,Number,2017,484.3077472442054,531.5788435862402,442.12560734909044
1,Deaths,4636,Wales,1,Male,17,60 to 64,294,All causes,1,Number,2017,976.2619768277476,1054.2778056512477,897.4139741221425
1,Deaths,4636,Wales,2,Female,17,60 to 64,294,All causes,1,Number,2017,650.3187176546609,712.0062260576561,595.248886581675
1,Deaths,4636,Wales,1,Male,18,65 to 69,294,All causes,1,Number,2017,1537.1676315434024,1657.6043974651548,1415.211153158316
1,Deaths,4636,Wales,2,Female,18,65 to 69,294,All causes,1,Number,2017,1060.1419298224982,1163.1725491494701,968.1976961618233
1,Deaths,4636,Wales,1,Male,19,70 to 74,294,All causes,1,Number,2017,2074.183795541096,2235.4255511777437,1910.3104629155303
1,Deaths,4636,Wales,2,Female,19,70 to 74,294,All causes,1,Number,2017,1430.2678687247467,1574.0805651748335,1302.2273449045244
1,Deaths,4636,Wales,1,Male,20,75 to 79,294,All causes,1,Number,2017,2511.122033040701,2700.1719089341614,2318.9791364474463
1,Deaths,4636,Wales,2,Female,20,75 to 79,294,All causes,1,Number,2017,1848.4804066413622,2030.396195053518,1685.9164292740115
1,Deaths,4636,Wales,1,Male,21,80 plus,294,All causes,1,Number,2017,7505.828696175458,7933.041807998038,7075.497005355652
1,Deaths,4636,Wales,2,Female,21,80 plus,294,All causes,1,Number,2017,10113.854239046961,10814.138277309441,9478.829166302114
1,Deaths,4626,South West England,1,Male,8,15 to 19,294,All causes,1,Number,2017,39.626618112716656,40.84862565988717,38.4419053723598
1,Deaths,4626,South West England,2,Female,8,15 to 19,294,All causes,1,Number,2017,29.75739971823143,30.511569596492013,28.941345055315775
1,Deaths,4626,South West England,1,Male,9,20 to 24,294,All causes,1,Number,2017,86.70922805668988,89.35673614615447,84.24894147876336
1,Deaths,4626,South West England,2,Female,9,20 to 24,294,All causes,1,Number,2017,41.32962299593104,42.54593245047069,40.13832902285799
1,Deaths,4626,South West England,1,Male,10,25 to 29,294,All causes,1,Number,2017,109.20537948430044,112.28624299030156,106.34769973411643
1,Deaths,4626,South West England,2,Female,10,25 to 29,294,All causes,1,Number,2017,61.4702414342354,63.297447522369815,59.656936746507625
1,Deaths,4626,South West England,1,Male,11,30 to 34,294,All causes,1,Number,2017,129.4188079458139,133.1416096206283,125.95678193994615
1,Deaths,4626,South West England,2,Female,11,30 to 34,294,All causes,1,Number,2017,80.78979206596273,83.21364648498836,78.2683396599991
1,Deaths,4626,South West England,1,Male,12,35 to 39,294,All causes,1,Number,2017,174.7067437495227,180.1607041097616,169.6597172577177
1,Deaths,4626,South West England,2,Female,12,35 to 39,294,All causes,1,Number,2017,107.01137948429904,110.48498141213837,103.3663434524317
1,Deaths,4626,South West England,1,Male,13,40 to 44,294,All causes,1,Number,2017,272.7212012739845,281.62989142388744,264.29500602721487
1,Deaths,4626,South West England,2,Female,13,40 to 44,294,All causes,1,Number,2017,166.52161822942125,171.81567123363845,161.03127101119765
1,Deaths,4626,South West England,1,Male,14,45 to 49,294,All causes,1,Number,2017,448.129916763608,462.8594392811475,434.01659228264407
1,Deaths,4626,South West England,2,Female,14,45 to 49,294,All causes,1,Number,2017,309.9177798362369,319.10381852495607,300.260490601788
1,Deaths,4626,South West England,1,Male,15,50 to 54,294,All causes,1,Number,2017,649.4307080701436,670.3200918559612,629.6162097741872
1,Deaths,4626,South West England,2,Female,15,50 to 54,294,All causes,1,Number,2017,493.09342490922137,507.1909767983221,478.2935186093618
1,Deaths,4626,South West England,1,Male,16,55 to 59,294,All causes,1,Number,2017,931.0486076020312,959.7486079980049,904.0182396682487
1,Deaths,4626,South West England,2,Female,16,55 to 59,294,All causes,1,Number,2017,690.1935826391516,709.445422928457,669.7359220599848
1,Deaths,4626,South West England,1,Male,17,60 to 64,294,All causes,1,Number,2017,1374.5143673159962,1414.693843515649,1338.263437111239
1,Deaths,4626,South West England,2,Female,17,60 to 64,294,All causes,1,Number,2017,969.5953281039307,995.9439884106883,941.7821448335068
1,Deaths,4626,South West England,1,Male,18,65 to 69,294,All causes,1,Number,2017,2177.9248617758517,2242.7567186560705,2119.1005540290735
1,Deaths,4626,South West England,2,Female,18,65 to 69,294,All causes,1,Number,2017,1587.3855355431845,1631.4372347742353,1540.3311567483963
1,Deaths,4626,South West England,1,Male,19,70 to 74,294,All causes,1,Number,2017,3015.2249492858955,3103.641667319675,2934.5276291754753
1,Deaths,4626,South West England,2,Female,19,70 to 74,294,All causes,1,Number,2017,2217.639449463154,2282.8162115056493,2150.8183260311093
1,Deaths,4626,South West England,1,Male,20,75 to 79,294,All causes,1,Number,2017,3710.6308104712566,3816.432643570851,3614.14229124611
1,Deaths,4626,South West England,2,Female,20,75 to 79,294,All causes,1,Number,2017,3081.854763942325,3169.667490677271,2990.435871233204
1,Deaths,4626,South West England,1,Male,21,80 plus,294,All causes,1,Number,2017,14705.960612640232,15011.569705995094,14426.031355639387
1,Deaths,4626,South West England,2,Female,21,80 plus,294,All causes,1,Number,2017,20552.251325668352,20945.706165978616,20118.069809372068
1,Deaths,4620,Yorkshire and the Humber,1,Male,21,80 plus,294,All causes,1,Number,2017,11853.092793244492,12078.626677105054,11624.04400695601
1,Deaths,4620,Yorkshire and the Humber,2,Female,21,80 plus,294,All causes,1,Number,2017,16491.383557160643,16795.996733022643,16160.184797220438
1,Deaths,4618,North East England,1,Male,8,15 to 19,294,All causes,1,Number,2017,25.447237547486022,26.28014529570563,24.633832443185625
1,Deaths,4618,North East England,2,Female,8,15 to 19,294,All causes,1,Number,2017,10.912271928293103,11.270290114206237,10.570373529908561
1,Deaths,4618,North East England,1,Male,9,20 to 24,294,All causes,1,Number,2017,53.081427538936026,55.00037766121685,51.303634188438124
1,Deaths,4618,North East England,2,Female,9,20 to 24,294,All causes,1,Number,2017,13.45135536725116,13.960412307689298,12.97820053788956
1,Deaths,4618,North East England,1,Male,10,25 to 29,294,All causes,1,Number,2017,73.61124409227192,76.40939169853408,71.23740979100714
1,Deaths,4618,North East England,2,Female,10,25 to 29,294,All causes,1,Number,2017,30.031767409324665,31.21758307573723,28.931300969108424
1,Deaths,4618,North East England,1,Male,11,30 to 34,294,All causes,1,Number,2017,111.63550331800735,115.29181018267823,108.05267224092206
1,Deaths,4618,North East England,2,Female,11,30 to 34,294,All causes,1,Number,2017,52.57457285512771,54.655815889415805,50.58297415579472
1,Deaths,4618,North East England,1,Male,12,35 to 39,294,All causes,1,Number,2017,135.1823364043303,140.24131896504068,130.59502732117795
1,Deaths,4618,North East England,2,Female,12,35 to 39,294,All causes,1,Number,2017,63.52333031814091,66.45133573143684,60.99167813612744
1,Deaths,4618,North East England,1,Male,13,40 to 44,294,All causes,1,Number,2017,163.86373211958252,169.89950267463334,158.17331143738332
1,Deaths,4618,North East England,2,Female,13,40 to 44,294,All causes,1,Number,2017,89.19450241052758,93.0172407984453,85.87653922256159
1,Deaths,4618,North East England,1,Male,14,45 to 49,294,All causes,1,Number,2017,262.08095534211174,271.64837565267214,252.9567968076429
1,Deaths,4618,North East England,2,Female,14,45 to 49,294,All causes,1,Number,2017,202.66424918190864,210.71993720707437,195.51127763098972
1,Deaths,4618,North East England,1,Male,15,50 to 54,294,All causes,1,Number,2017,371.0962495450515,384.7182285581073,358.29349902431545
1,Deaths,4618,North East England,2,Female,15,50 to 54,294,All causes,1,Number,2017,276.09320964243915,286.80192239439685,266.5100270903067
1,Deaths,4618,North East England,1,Male,16,55 to 59,294,All causes,1,Number,2017,551.5456045736928,570.9092765278133,533.5614509245195
1,Deaths,4618,North East England,2,Female,16,55 to 59,294,All causes,1,Number,2017,436.0261286630617,452.8013802649779,421.3583052015978
1,Deaths,4618,North East England,1,Male,17,60 to 64,294,All causes,1,Number,2017,836.8442589620913,863.7077968211952,811.3067206665658
1,Deaths,4618,North East England,2,Female,17,60 to 64,294,All causes,1,Number,2017,620.722401401366,643.8569104545526,600.3486836533276
1,Deaths,4618,North East England,1,Male,18,65 to 69,294,All causes,1,Number,2017,1313.6872011612018,1355.6948280409608,1274.3832418054262
1,Deaths,4618,North East England,2,Female,18,65 to 69,294,All causes,1,Number,2017,903.6199188964011,937.6658514013485,872.7304940739973
1,Deaths,4618,North East England,1,Male,19,70 to 74,294,All causes,1,Number,2017,1528.0074106966445,1576.1808877786166,1481.9287465290506
1,Deaths,4618,North East England,2,Female,19,70 to 74,294,All causes,1,Number,2017,1276.2622536416834,1326.3248840390427,1231.763264078952
1,Deaths,4618,North East England,1,Male,20,75 to 79,294,All causes,1,Number,2017,1998.9317274196624,2061.27387651961,1940.248443929345
1,Deaths,4618,North East England,2,Female,20,75 to 79,294,All causes,1,Number,2017,1699.7985208479543,1765.1072012983363,1641.9632976259948
1,Deaths,4618,North East England,1,Male,21,80 plus,294,All causes,1,Number,2017,6195.617270771919,6337.346822253662,6057.7648367593665
1,Deaths,4618,North East England,2,Female,21,80 plus,294,All causes,1,Number,2017,8566.977746293542,8789.764781761056,8361.251065422179
1,Deaths,4619,North West England,1,Male,8,15 to 19,294,All causes,1,Number,2017,71.77182127639571,73.52453439026547,69.9448007117206
1,Deaths,4619,North West England,2,Female,8,15 to 19,294,All causes,1,Number,2017,39.82556810416041,40.79354815101327,38.83289115573904
1,Deaths,4619,North West England,1,Male,9,20 to 24,294,All causes,1,Number,2017,112.46511376410659,115.21979032031777,109.69125079068799
1,Deaths,4619,North West England,2,Female,9,20 to 24,294,All causes,1,Number,2017,52.55879978123214,53.938176492298005,51.099868834903226
1,Deaths,4619,North West England,1,Male,10,25 to 29,294,All causes,1,Number,2017,163.15090952992014,166.713668870038,159.47784966553345
1,Deaths,4619,North West England,2,Female,10,25 to 29,294,All causes,1,Number,2017,72.05876725907778,74.00377626866562,69.97203825525786
1,Deaths,4619,North West England,1,Male,11,30 to 34,294,All causes,1,Number,2017,207.20667408710855,211.8104854281111,202.5137602673588
1,Deaths,4619,North West England,2,Female,11,30 to 34,294,All causes,1,Number,2017,143.78076059381576,147.89811834267363,139.42382441757832
1,Deaths,4619,North West England,1,Male,12,35 to 39,294,All causes,1,Number,2017,290.50500279129926,297.60654653099107,283.43831986266906
1,Deaths,4619,North West England,2,Female,12,35 to 39,294,All causes,1,Number,2017,207.0895608024615,213.41024258019112,200.5689561547481
1,Deaths,4619,North West England,1,Male,13,40 to 44,294,All causes,1,Number,2017,456.4778846228678,468.0352259922666,444.98897466916765
1,Deaths,4619,North West England,2,Female,13,40 to 44,294,All causes,1,Number,2017,296.77899410529716,305.3118344365311,287.9396954084118
1,Deaths,4619,North West England,1,Male,14,45 to 49,294,All causes,1,Number,2017,785.149368491933,805.3202685061837,764.6627433894981
1,Deaths,4619,North West England,2,Female,14,45 to 49,294,All causes,1,Number,2017,521.0797518197629,534.8812932505498,506.54759714487665
1,Deaths,4619,North West England,1,Male,15,50 to 54,294,All causes,1,Number,2017,1129.4791386598622,1157.8605102051322,1101.1659474033693
1,Deaths,4619,North West England,2,Female,15,50 to 54,294,All causes,1,Number,2017,795.6191195562164,815.7956609930085,774.254553460661
1,Deaths,4619,North West England,1,Male,16,55 to 59,294,All causes,1,Number,2017,1548.5898855254718,1585.4876018892417,1511.7771428267897
1,Deaths,4619,North West England,2,Female,16,55 to 59,294,All causes,1,Number,2017,1096.7839214513865,1123.9199732309921,1068.0908663876246
1,Deaths,4619,North West England,1,Male,17,60 to 64,294,All causes,1,Number,2017,2077.225463888301,2123.9319109223447,2031.6454783059867
1,Deaths,4619,North West England,2,Female,17,60 to 64,294,All causes,1,Number,2017,1502.361768135369,1538.9050838136338,1463.8284908246587
1,Deaths,4619,North West England,1,Male,18,65 to 69,294,All causes,1,Number,2017,3286.319234004566,3358.3392951982964,3215.43903527808
1,Deaths,4619,North West England,2,Female,18,65 to 69,294,All causes,1,Number,2017,2418.96895368494,2478.5467847938826,2355.2382557339693
1,Deaths,4619,North West England,1,Male,19,70 to 74,294,All causes,1,Number,2017,4189.905707120818,4282.788669670407,4098.819522033214
1,Deaths,4619,North West England,2,Female,19,70 to 74,294,All causes,1,Number,2017,3222.8444826240493,3304.079082648208,3135.680201587277
1,Deaths,4619,North West England,1,Male,20,75 to 79,294,All causes,1,Number,2017,5096.7706440467955,5206.723853020667,4987.6367790037275
1,Deaths,4619,North West England,2,Female,20,75 to 79,294,All causes,1,Number,2017,4314.95232491399,4421.978185134462,4202.290581862395
1,Deaths,4619,North West England,1,Male,21,80 plus,294,All causes,1,Number,2017,15661.500966290942,15922.028878251986,15397.754541143955
1,Deaths,4619,North West England,2,Female,21,80 plus,294,All causes,1,Number,2017,22356.39614546026,22758.999053301646,21940.134157854016
1,Deaths,4620,Yorkshire and the Humber,1,Male,8,15 to 19,294,All causes,1,Number,2017,56.25744929108556,57.837866724691466,54.69415141276316
1,Deaths,4620,Yorkshire and the Humber,2,Female,8,15 to 19,294,All causes,1,Number,2017,21.924833800031607,22.507024826488927,21.354702715769992
1,Deaths,4620,Yorkshire and the Humber,1,Male,9,20 to 24,294,All causes,1,Number,2017,106.3982017907661,109.3828646856231,103.47706587674041
1,Deaths,4620,Yorkshire and the Humber,2,Female,9,20 to 24,294,All causes,1,Number,2017,43.53881417229508,44.661691298730645,42.300716764407085
1,Deaths,4620,Yorkshire and the Humber,1,Male,10,25 to 29,294,All causes,1,Number,2017,128.75302649478772,132.24194884488736,125.45591941158915
1,Deaths,4620,Yorkshire and the Humber,2,Female,10,25 to 29,294,All causes,1,Number,2017,58.03357806838589,59.77688978190972,56.30091581059501
1,Deaths,4620,Yorkshire and the Humber,1,Male,11,30 to 34,294,All causes,1,Number,2017,156.54475562849922,160.81411811192916,152.42427050186816
1,Deaths,4620,Yorkshire and the Humber,2,Female,11,30 to 34,294,All causes,1,Number,2017,84.15686139917571,86.66292832893323,81.70949447622385
1,Deaths,4620,Yorkshire and the Humber,1,Male,12,35 to 39,294,All causes,1,Number,2017,222.9957497570963,229.78031442832648,216.43381339055097
1,Deaths,4620,Yorkshire and the Humber,2,Female,12,35 to 39,294,All causes,1,Number,2017,137.01679608593494,141.46353344089542,132.300191199972
1,Deaths,4620,Yorkshire and the Humber,1,Male,13,40 to 44,294,All causes,1,Number,2017,312.97689059635127,323.020570080578,303.718300233056
1,Deaths,4620,Yorkshire and the Humber,2,Female,13,40 to 44,294,All causes,1,Number,2017,192.12911101410012,198.0265522902821,185.82346210724359
1,Deaths,4620,Yorkshire and the Humber,1,Male,14,45 to 49,294,All causes,1,Number,2017,493.6092785901637,509.129009476484,478.9008298651195
1,Deaths,4620,Yorkshire and the Humber,2,Female,14,45 to 49,294,All causes,1,Number,2017,329.98000418085985,339.1063419823504,320.4077374250171
1,Deaths,4620,Yorkshire and the Humber,1,Male,15,50 to 54,294,All causes,1,Number,2017,657.2087398568999,677.1751183689682,637.7770174434762
1,Deaths,4620,Yorkshire and the Humber,2,Female,15,50 to 54,294,All causes,1,Number,2017,530.6373061762943,544.6927778508584,515.8387610282116
1,Deaths,4620,Yorkshire and the Humber,1,Male,16,55 to 59,294,All causes,1,Number,2017,1035.9647693302406,1065.475498363653,1007.0960931495011
1,Deaths,4620,Yorkshire and the Humber,2,Female,16,55 to 59,294,All causes,1,Number,2017,717.1781847224505,735.7784760325021,697.5761941016675
1,Deaths,4620,Yorkshire and the Humber,1,Male,17,60 to 64,294,All causes,1,Number,2017,1453.0893449232933,1490.8441913493089,1415.0784676874425
1,Deaths,4620,Yorkshire and the Humber,2,Female,17,60 to 64,294,All causes,1,Number,2017,1009.5659734983839,1034.8909642890012,983.0563262150919
1,Deaths,4620,Yorkshire and the Humber,1,Male,18,65 to 69,294,All causes,1,Number,2017,2316.203106303711,2375.5815798371164,2256.9947292810443
1,Deaths,4620,Yorkshire and the Humber,2,Female,18,65 to 69,294,All causes,1,Number,2017,1647.6177453518978,1690.01556490223,1602.8654592503306
1,Deaths,4620,Yorkshire and the Humber,1,Male,19,70 to 74,294,All causes,1,Number,2017,2921.31664255175,2996.5125046382027,2847.368910353036
1,Deaths,4620,Yorkshire and the Humber,2,Female,19,70 to 74,294,All causes,1,Number,2017,2191.5962234794333,2249.297620726199,2129.5930297491136
1,Deaths,4620,Yorkshire and the Humber,1,Male,20,75 to 79,294,All causes,1,Number,2017,3666.74784299484,3758.415309070288,3575.9879095669903
1,Deaths,4620,Yorkshire and the Humber,2,Female,20,75 to 79,294,All causes,1,Number,2017,3121.340229328481,3202.7590771916266,3034.8293384276944
4,YLLs (Years of Life Lost),4618,North East England,1,Male,8,15 to 19,294,All causes,1,Number,2017,1787.1314595553652,1845.5468861808595,1730.0035397563802
4,YLLs (Years of Life Lost),4618,North East England,2,Female,8,15 to 19,294,All causes,1,Number,2017,769.7845177767903,795.0296836341655,745.6658097520146
4,YLLs (Years of Life Lost),4618,North East England,1,Male,9,20 to 24,294,All causes,1,Number,2017,3477.3555545153677,3603.1794403124054,3360.986253855307
4,YLLs (Years of Life Lost),4618,North East England,2,Female,9,20 to 24,294,All causes,1,Number,2017,880.7582003681623,914.0349389593553,849.7838546409445
4,YLLs (Years of Life Lost),4618,North East England,1,Male,10,25 to 29,294,All causes,1,Number,2017,4454.4486767896415,4623.675789133095,4310.713556862391
4,YLLs (Years of Life Lost),4618,North East England,2,Female,10,25 to 29,294,All causes,1,Number,2017,1813.105762002456,1884.7188613570174,1746.6921882314684
4,YLLs (Years of Life Lost),4618,North East England,1,Male,11,30 to 34,294,All causes,1,Number,2017,6206.657511334326,6410.028312336754,6007.393027546476
4,YLLs (Years of Life Lost),4618,North East England,2,Female,11,30 to 34,294,All causes,1,Number,2017,2922.2827635347667,3037.952038439118,2811.548781279512
4,YLLs (Years of Life Lost),4618,North East England,1,Male,12,35 to 39,294,All causes,1,Number,2017,6858.756234141491,7115.377978961483,6626.049998029165
4,YLLs (Years of Life Lost),4618,North East England,2,Female,12,35 to 39,294,All causes,1,Number,2017,3223.544139241064,3372.221283946301,3095.107649361578
4,YLLs (Years of Life Lost),4618,North East England,1,Male,13,40 to 44,294,All causes,1,Number,2017,7507.06638299811,7783.855756426413,7245.794298326907
4,YLLs (Years of Life Lost),4618,North East England,2,Female,13,40 to 44,294,All causes,1,Number,2017,4072.1294810167446,4246.536796216613,3920.5685758504505
4,YLLs (Years of Life Lost),4618,North East England,1,Male,14,45 to 49,294,All causes,1,Number,2017,10745.940871232064,11138.243732247525,10371.599246638107
4,YLLs (Years of Life Lost),4618,North East England,2,Female,14,45 to 49,294,All causes,1,Number,2017,8302.367786120181,8632.285422012634,8009.270758173129
4,YLLs (Years of Life Lost),4618,North East England,1,Male,15,50 to 54,294,All causes,1,Number,2017,13439.874968696326,13933.154576028535,12976.554722022984
4,YLLs (Years of Life Lost),4618,North East England,2,Female,15,50 to 54,294,All causes,1,Number,2017,9998.382292994287,10386.46802003383,9651.359299485319
4,YLLs (Years of Life Lost),4618,North East England,1,Male,16,55 to 59,294,All causes,1,Number,2017,17346.55330169379,17955.95087323938,16780.69412307781
4,YLLs (Years of Life Lost),4618,North East England,2,Female,16,55 to 59,294,All causes,1,Number,2017,13707.314533645926,14234.488389975104,13246.055062902198
4,YLLs (Years of Life Lost),4618,North East England,1,Male,17,60 to 64,294,All causes,1,Number,2017,22479.605536014424,23200.69523159008,21792.958513973485
4,YLLs (Years of Life Lost),4618,North East England,2,Female,17,60 to 64,294,All causes,1,Number,2017,16709.524475095903,17331.891453662894,16160.9921366699
4,YLLs (Years of Life Lost),4618,North East England,1,Male,18,65 to 69,294,All causes,1,Number,2017,29445.51585176856,30387.729582052987,28564.13410240252
4,YLLs (Years of Life Lost),4618,North East England,2,Female,18,65 to 69,294,All causes,1,Number,2017,20195.056183861925,20956.147249162517,19504.883823938115
4,YLLs (Years of Life Lost),4618,North East England,1,Male,19,70 to 74,294,All causes,1,Number,2017,27617.525119942497,28486.908514241346,26784.817519768065
4,YLLs (Years of Life Lost),4618,North East England,2,Female,19,70 to 74,294,All causes,1,Number,2017,23053.275262571187,23957.747213111277,22249.287231286427
4,YLLs (Years of Life Lost),4618,North East England,1,Male,20,75 to 79,294,All causes,1,Number,2017,28063.04843228196,28937.692680381097,27239.12195048607
4,YLLs (Years of Life Lost),4618,North East England,2,Female,20,75 to 79,294,All causes,1,Number,2017,23838.06552456081,24753.922005672488,23027.533560935575
4,YLLs (Years of Life Lost),4618,North East England,1,Male,21,80 plus,294,All causes,1,Number,2017,48653.73562521213,49807.82790297794,47528.540248449535
4,YLLs (Years of Life Lost),4618,North East England,2,Female,21,80 plus,294,All causes,1,Number,2017,60091.28324540212,61763.73796222816,58560.0349724369
4,YLLs (Years of Life Lost),4619,North West England,1,Male,8,15 to 19,294,All causes,1,Number,2017,5051.550345787392,5175.078936148455,4922.96907630729
4,YLLs (Years of Life Lost),4619,North West England,2,Female,8,15 to 19,294,All causes,1,Number,2017,2804.8969058254957,2873.0703297390182,2734.997597191933
4,YLLs (Years of Life Lost),4619,North West England,1,Male,9,20 to 24,294,All causes,1,Number,2017,7368.140069489011,7548.695625998963,7186.388959959064
4,YLLs (Years of Life Lost),4619,North West England,2,Female,9,20 to 24,294,All causes,1,Number,2017,3449.0190520088504,3539.561492610089,3353.285690608124
4,YLLs (Years of Life Lost),4619,North West England,1,Male,10,25 to 29,294,All causes,1,Number,2017,9885.150355474863,10101.079850261904,9662.475401834878
4,YLLs (Years of Life Lost),4619,North West England,2,Female,10,25 to 29,294,All causes,1,Number,2017,4354.860708193034,4472.364973532598,4228.868257164745
4,YLLs (Years of Life Lost),4619,North West England,1,Male,11,30 to 34,294,All causes,1,Number,2017,11524.97766678441,11781.023956953028,11263.94929908318
4,YLLs (Years of Life Lost),4619,North West England,2,Female,11,30 to 34,294,All causes,1,Number,2017,7981.984530657011,8210.607961592606,7740.227395349571
4,YLLs (Years of Life Lost),4619,North West England,1,Male,12,35 to 39,294,All causes,1,Number,2017,14704.829440789803,15064.403073828082,14347.27158341738
4,YLLs (Years of Life Lost),4619,North West England,2,Female,12,35 to 39,294,All causes,1,Number,2017,10493.055240688853,10813.285935788796,10162.279470942987
4,YLLs (Years of Life Lost),4619,North West England,1,Male,13,40 to 44,294,All causes,1,Number,2017,20886.681106462107,21415.70708570603,20361.194250323686
4,YLLs (Years of Life Lost),4619,North West England,2,Female,13,40 to 44,294,All causes,1,Number,2017,13586.494486327521,13977.509455030538,13182.017036603338
4,YLLs (Years of Life Lost),4619,North West England,1,Male,14,45 to 49,294,All causes,1,Number,2017,32169.05471617003,32995.5078859181,31329.5293835758
4,YLLs (Years of Life Lost),4619,North West England,2,Female,14,45 to 49,294,All causes,1,Number,2017,21337.52535867923,21902.68262626881,20742.46065588996
4,YLLs (Years of Life Lost),4619,North West England,1,Male,15,50 to 54,294,All causes,1,Number,2017,40895.60769793904,41923.05461885783,39870.79985366298
4,YLLs (Years of Life Lost),4619,North West England,2,Female,15,50 to 54,294,All causes,1,Number,2017,28797.122018568305,29527.38125675869,28023.93535659245
4,YLLs (Years of Life Lost),4619,North West England,1,Male,16,55 to 59,294,All causes,1,Number,2017,48765.8123735516,49928.10933381993,47606.2890634937
4,YLLs (Years of Life Lost),4619,North West England,2,Female,16,55 to 59,294,All causes,1,Number,2017,34526.183994764455,35380.30281776242,33622.71997632562
4,YLLs (Years of Life Lost),4619,North West England,1,Male,17,60 to 64,294,All causes,1,Number,2017,55856.78439257894,57112.70025670723,54631.02026312091
4,YLLs (Years of Life Lost),4619,North West England,2,Female,17,60 to 64,294,All causes,1,Number,2017,40376.1799872885,41358.11847642209,39340.275762571604
4,YLLs (Years of Life Lost),4619,North West England,1,Male,18,65 to 69,294,All causes,1,Number,2017,73547.82882349873,75159.4324451402,71960.23336881856
4,YLLs (Years of Life Lost),4619,North West England,2,Female,18,65 to 69,294,All causes,1,Number,2017,54125.937253546545,55459.702189040225,52699.384072917186
4,YLLs (Years of Life Lost),4619,North West England,1,Male,19,70 to 74,294,All causes,1,Number,2017,75776.90114423772,77456.78264228867,74129.31844129806
4,YLLs (Years of Life Lost),4619,North West England,2,Female,19,70 to 74,294,All causes,1,Number,2017,58245.726787307525,59713.72478603485,56671.29588335663
4,YLLs (Years of Life Lost),4619,North West England,1,Male,20,75 to 79,294,All causes,1,Number,2017,71559.34932639806,73103.96568133464,70029.08347991957
4,YLLs (Years of Life Lost),4619,North West England,2,Female,20,75 to 79,294,All causes,1,Number,2017,60474.816987721686,61975.29551676087,58897.272054266294
4,YLLs (Years of Life Lost),4619,North West England,1,Male,21,80 plus,294,All causes,1,Number,2017,122756.62976279027,124873.34704498203,120638.52365817911
4,YLLs (Years of Life Lost),4619,North West England,2,Female,21,80 plus,294,All causes,1,Number,2017,155310.4789334258,158279.03043679232,152198.53730210944
4,YLLs (Years of Life Lost),4622,West Midlands,1,Male,8,15 to 19,294,All causes,1,Number,2017,3483.461663232398,3591.845177517875,3381.5418269800757
4,YLLs (Years of Life Lost),4622,West Midlands,2,Female,8,15 to 19,294,All causes,1,Number,2017,2032.3240818287693,2091.4647121646813,1973.4086857394032
4,YLLs (Years of Life Lost),4622,West Midlands,1,Male,9,20 to 24,294,All causes,1,Number,2017,5863.3837495104035,6040.297277174248,5695.885316625763
4,YLLs (Years of Life Lost),4622,West Midlands,2,Female,9,20 to 24,294,All causes,1,Number,2017,3539.2810822838746,3656.4661691767187,3420.593943877374
4,YLLs (Years of Life Lost),4622,West Midlands,1,Male,10,25 to 29,294,All causes,1,Number,2017,6898.289167723696,7100.303378046471,6707.027171659007
4,YLLs (Years of Life Lost),4622,West Midlands,2,Female,10,25 to 29,294,All causes,1,Number,2017,4167.2714919924665,4307.571754970196,4031.213745341579
4,YLLs (Years of Life Lost),4622,West Midlands,1,Male,11,30 to 34,294,All causes,1,Number,2017,10749.617219522894,11056.567081073574,10456.017577811284
4,YLLs (Years of Life Lost),4622,West Midlands,2,Female,11,30 to 34,294,All causes,1,Number,2017,5416.34480850969,5595.937545841062,5234.309208853121
4,YLLs (Years of Life Lost),4622,West Midlands,1,Male,12,35 to 39,294,All causes,1,Number,2017,10575.737538341702,10913.349858693591,10265.696770620454
4,YLLs (Years of Life Lost),4622,West Midlands,2,Female,12,35 to 39,294,All causes,1,Number,2017,7124.586477347975,7387.063910736597,6858.400639702939
4,YLLs (Years of Life Lost),4622,West Midlands,1,Male,13,40 to 44,294,All causes,1,Number,2017,14858.756017236614,15350.618717970588,14403.217468434876
4,YLLs (Years of Life Lost),4622,West Midlands,2,Female,13,40 to 44,294,All causes,1,Number,2017,9083.410856620794,9386.718440509794,8771.74123271492
4,YLLs (Years of Life Lost),4622,West Midlands,1,Male,14,45 to 49,294,All causes,1,Number,2017,22352.383188838106,23070.35218392007,21678.205432465315
4,YLLs (Years of Life Lost),4622,West Midlands,2,Female,14,45 to 49,294,All causes,1,Number,2017,13031.959901848762,13442.038842661901,12621.912028194027
4,YLLs (Years of Life Lost),4622,West Midlands,1,Male,15,50 to 54,294,All causes,1,Number,2017,29179.674517784468,30081.056427741674,28301.83439572599
4,YLLs (Years of Life Lost),4622,West Midlands,2,Female,15,50 to 54,294,All causes,1,Number,2017,19433.26047292616,20006.059214812158,18855.8261219097
4,YLLs (Years of Life Lost),4622,West Midlands,1,Male,16,55 to 59,294,All causes,1,Number,2017,34047.44406628499,35060.749288360246,33064.30106443384
4,YLLs (Years of Life Lost),4622,West Midlands,2,Female,16,55 to 59,294,All causes,1,Number,2017,23604.755468521875,24283.64553298194,22914.74383544929
4,YLLs (Years of Life Lost),4622,West Midlands,1,Male,17,60 to 64,294,All causes,1,Number,2017,40833.976718541395,41943.6791629031,39741.38367466321
4,YLLs (Years of Life Lost),4622,West Midlands,2,Female,17,60 to 64,294,All causes,1,Number,2017,27319.38669037407,28091.13519554873,26548.627855250168
4,YLLs (Years of Life Lost),4622,West Midlands,1,Male,18,65 to 69,294,All causes,1,Number,2017,53219.31703618216,54663.890608270485,51841.55190494649
4,YLLs (Years of Life Lost),4622,West Midlands,2,Female,18,65 to 69,294,All causes,1,Number,2017,36785.961630563776,37848.037779729275,35718.778751286765
4,YLLs (Years of Life Lost),4622,West Midlands,1,Male,19,70 to 74,294,All causes,1,Number,2017,55969.76274998114,57478.23457110796,54499.12705492781
4,YLLs (Years of Life Lost),4622,West Midlands,2,Female,19,70 to 74,294,All causes,1,Number,2017,39865.764054090854,41041.65435849699,38676.96985556944
4,YLLs (Years of Life Lost),4622,West Midlands,1,Male,20,75 to 79,294,All causes,1,Number,2017,55113.33850486155,56553.7455379662,53695.10322421963
4,YLLs (Years of Life Lost),4622,West Midlands,2,Female,20,75 to 79,294,All causes,1,Number,2017,41840.43888568811,43057.0507014703,40620.955187577936
4,YLLs (Years of Life Lost),4622,West Midlands,1,Male,21,80 plus,294,All causes,1,Number,2017,98425.32389714742,100463.64073324573,96484.57371104987
4,YLLs (Years of Life Lost),4622,West Midlands,2,Female,21,80 plus,294,All causes,1,Number,2017,118366.85696207332,120940.79948006144,115720.0085487821
4,YLLs (Years of Life Lost),4636,Wales,1,Male,8,15 to 19,294,All causes,1,Number,2017,2430.847883566504,2632.649839771988,2219.4312987600297
4,YLLs (Years of Life Lost),4636,Wales,2,Female,8,15 to 19,294,All causes,1,Number,2017,1173.1560160270228,1284.395700710848,1079.483260116811
4,YLLs (Years of Life Lost),4636,Wales,1,Male,9,20 to 24,294,All causes,1,Number,2017,3819.4587173597297,4139.371782005032,3487.6173422163115
4,YLLs (Years of Life Lost),4636,Wales,2,Female,9,20 to 24,294,All causes,1,Number,2017,1578.5975104167749,1742.75648085715,1442.7687104536092
4,YLLs (Years of Life Lost),4636,Wales,1,Male,10,25 to 29,294,All causes,1,Number,2017,5574.627013961746,6020.729293512666,5120.190479905943
4,YLLs (Years of Life Lost),4636,Wales,2,Female,10,25 to 29,294,All causes,1,Number,2017,1973.9398233802076,2194.91158283873,1790.5479707010984
4,YLLs (Years of Life Lost),4636,Wales,1,Male,11,30 to 34,294,All causes,1,Number,2017,5549.9887381478675,6001.914122531947,5092.262318246217
4,YLLs (Years of Life Lost),4636,Wales,2,Female,11,30 to 34,294,All causes,1,Number,2017,2640.0217647510162,2939.76910771544,2391.937810472634
4,YLLs (Years of Life Lost),4636,Wales,1,Male,12,35 to 39,294,All causes,1,Number,2017,8141.02294812647,8866.230439834446,7414.8290792490025
4,YLLs (Years of Life Lost),4636,Wales,2,Female,12,35 to 39,294,All causes,1,Number,2017,3383.071107968174,3794.085824987559,3022.9938464604666
4,YLLs (Years of Life Lost),4636,Wales,1,Male,13,40 to 44,294,All causes,1,Number,2017,9375.583215480881,10248.387800472736,8509.150587667631
4,YLLs (Years of Life Lost),4636,Wales,2,Female,13,40 to 44,294,All causes,1,Number,2017,5057.199807204131,5628.490157020164,4553.931648716973
4,YLLs (Years of Life Lost),4636,Wales,1,Male,14,45 to 49,294,All causes,1,Number,2017,13463.570785655993,14731.118906931157,12200.026015144853
4,YLLs (Years of Life Lost),4636,Wales,2,Female,14,45 to 49,294,All causes,1,Number,2017,7263.227030849481,8028.92082877643,6584.821888873156
4,YLLs (Years of Life Lost),4636,Wales,1,Male,15,50 to 54,294,All causes,1,Number,2017,16469.960419263938,17985.66204414527,14957.424298383541
4,YLLs (Years of Life Lost),4636,Wales,2,Female,15,50 to 54,294,All causes,1,Number,2017,11644.342434486005,12815.035404471859,10605.252303695956
4,YLLs (Years of Life Lost),4636,Wales,1,Male,16,55 to 59,294,All causes,1,Number,2017,20718.69621710203,22516.99570911738,18913.990122364845
4,YLLs (Years of Life Lost),4636,Wales,2,Female,16,55 to 59,294,All causes,1,Number,2017,15255.46786647451,16744.485325646616,13926.750158837718
4,YLLs (Years of Life Lost),4636,Wales,1,Male,17,60 to 64,294,All causes,1,Number,2017,26249.401080134325,28347.064238174633,24129.36271285894
4,YLLs (Years of Life Lost),4636,Wales,2,Female,17,60 to 64,294,All causes,1,Number,2017,17485.549222253223,19144.182036127622,16004.850273035525
4,YLLs (Years of Life Lost),4636,Wales,1,Male,18,65 to 69,294,All causes,1,Number,2017,34425.39943124746,37122.62235474927,31694.14202282833
4,YLLs (Years of Life Lost),4636,Wales,2,Female,18,65 to 69,294,All causes,1,Number,2017,23723.531702137363,26029.11937406681,21666.031776214255
4,YLLs (Years of Life Lost),4636,Wales,1,Male,19,70 to 74,294,All causes,1,Number,2017,37503.116011350394,40418.51255456632,34540.13817986079
4,YLLs (Years of Life Lost),4636,Wales,2,Female,19,70 to 74,294,All causes,1,Number,2017,25860.53459842892,28460.79801311134,23545.446307166247
4,YLLs (Years of Life Lost),4636,Wales,1,Male,20,75 to 79,294,All causes,1,Number,2017,35265.602696101756,37920.57434832895,32567.193394212598
4,YLLs (Years of Life Lost),4636,Wales,2,Female,20,75 to 79,294,All causes,1,Number,2017,25858.34434801552,28403.15958230259,23584.241095286987
4,YLLs (Years of Life Lost),4636,Wales,1,Male,21,80 plus,294,All causes,1,Number,2017,58438.21797661469,61897.47098877225,54943.8312624035
4,YLLs (Years of Life Lost),4636,Wales,2,Female,21,80 plus,294,All causes,1,Number,2017,69658.64021021279,74768.33329306115,65047.884204391165
4,YLLs (Years of Life Lost),4620,Yorkshire and the Humber,1,Male,8,15 to 19,294,All causes,1,Number,2017,3952.4343887574314,4063.487887840556,3842.5896434365413
4,YLLs (Years of Life Lost),4620,Yorkshire and the Humber,2,Female,8,15 to 19,294,All causes,1,Number,2017,1542.1044854434845,1583.1539933375784,1502.0407667342538
4,YLLs (Years of Life Lost),4620,Yorkshire and the Humber,1,Male,9,20 to 24,294,All causes,1,Number,2017,6973.697909517857,7169.389171400703,6782.259587097867
4,YLLs (Years of Life Lost),4620,Yorkshire and the Humber,2,Female,9,20 to 24,294,All causes,1,Number,2017,2852.138218744445,2925.6423465494413,2771.0278789061326
4,YLLs (Years of Life Lost),4620,Yorkshire and the Humber,1,Male,10,25 to 29,294,All causes,1,Number,2017,7807.54703256305,8019.1438690937375,7607.663975012852
4,YLLs (Years of Life Lost),4620,Yorkshire and the Humber,2,Female,10,25 to 29,294,All causes,1,Number,2017,3515.6907461933192,3621.113851894724,3410.7868621384087
4,YLLs (Years of Life Lost),4620,Yorkshire and the Humber,1,Male,11,30 to 34,294,All causes,1,Number,2017,8703.803693149208,8941.135939319583,8474.883633587282
4,YLLs (Years of Life Lost),4620,Yorkshire and the Humber,2,Female,11,30 to 34,294,All causes,1,Number,2017,4671.552110649755,4810.688802922772,4535.676634063159
4,YLLs (Years of Life Lost),4620,Yorkshire and the Humber,1,Male,12,35 to 39,294,All causes,1,Number,2017,11296.272959313896,11639.899781202483,10963.866718664802
4,YLLs (Years of Life Lost),4620,Yorkshire and the Humber,2,Female,12,35 to 39,294,All causes,1,Number,2017,6938.4359776629635,7163.411449083113,6699.623131729088
4,YLLs (Years of Life Lost),4620,Yorkshire and the Humber,1,Male,13,40 to 44,294,All causes,1,Number,2017,14329.172646067318,14788.853965009404,13905.570521776943
4,YLLs (Years of Life Lost),4620,Yorkshire and the Humber,2,Female,13,40 to 44,294,All causes,1,Number,2017,8800.214866147486,9070.358560453275,8511.367987207395
4,YLLs (Years of Life Lost),4620,Yorkshire and the Humber,1,Male,14,45 to 49,294,All causes,1,Number,2017,20244.79959914829,20881.04579898381,19641.776429496615
4,YLLs (Years of Life Lost),4620,Yorkshire and the Humber,2,Female,14,45 to 49,294,All causes,1,Number,2017,13503.295880461497,13876.818869479672,13111.561024458377
4,YLLs (Years of Life Lost),4620,Yorkshire and the Humber,1,Male,15,50 to 54,294,All causes,1,Number,2017,23772.781277505397,24494.974098013,23070.303805981315
4,YLLs (Years of Life Lost),4620,Yorkshire and the Humber,2,Female,15,50 to 54,294,All causes,1,Number,2017,19206.573680351037,19715.47411393836,18670.62659597019
4,YLLs (Years of Life Lost),4620,Yorkshire and the Humber,1,Male,16,55 to 59,294,All causes,1,Number,2017,32586.485229244852,33514.87040568804,31678.35855066494
4,YLLs (Years of Life Lost),4620,Yorkshire and the Humber,2,Female,16,55 to 59,294,All causes,1,Number,2017,22580.070613988264,23165.63511857075,21962.682718493626
4,YLLs (Years of Life Lost),4620,Yorkshire and the Humber,1,Male,17,60 to 64,294,All causes,1,Number,2017,39050.07275285436,40064.70311724817,38028.736700607195
4,YLLs (Years of Life Lost),4620,Yorkshire and the Humber,2,Female,17,60 to 64,294,All causes,1,Number,2017,27119.212344440293,27799.756312859765,26406.856563473575
4,YLLs (Years of Life Lost),4620,Yorkshire and the Humber,1,Male,18,65 to 69,294,All causes,1,Number,2017,51854.860018366126,53184.1444103231,50528.53842897878
4,YLLs (Years of Life Lost),4620,Yorkshire and the Humber,2,Female,18,65 to 69,294,All causes,1,Number,2017,36882.48797829131,37831.745983070454,35880.057113339775
4,YLLs (Years of Life Lost),4620,Yorkshire and the Humber,1,Male,19,70 to 74,294,All causes,1,Number,2017,52799.82973616658,54158.377979052384,51463.11348932726
4,YLLs (Years of Life Lost),4620,Yorkshire and the Humber,2,Female,19,70 to 74,294,All causes,1,Number,2017,39551.74268262684,40593.736086428224,38432.83272245632
4,YLLs (Years of Life Lost),4620,Yorkshire and the Humber,1,Male,20,75 to 79,294,All causes,1,Number,2017,51473.52000720179,52759.519043175336,50199.614943701956
4,YLLs (Years of Life Lost),4620,Yorkshire and the Humber,2,Female,20,75 to 79,294,All causes,1,Number,2017,43729.49902409417,44869.3189276007,42518.42035955439
4,YLLs (Years of Life Lost),4620,Yorkshire and the Humber,1,Male,21,80 plus,294,All causes,1,Number,2017,92181.03067598378,93996.98461891346,90330.28772434748
4,YLLs (Years of Life Lost),4620,Yorkshire and the Humber,2,Female,21,80 plus,294,All causes,1,Number,2017,114196.64818623292,116437.4413898633,111756.97136536746
4,YLLs (Years of Life Lost),4623,East of England,1,Male,8,15 to 19,294,All causes,1,Number,2017,2571.412667762068,2667.692788334639,2482.078082756539
4,YLLs (Years of Life Lost),4623,East of England,2,Female,8,15 to 19,294,All causes,1,Number,2017,2067.4865102897825,2139.4983094595127,1999.1905482209702
4,YLLs (Years of Life Lost),4623,East of England,1,Male,9,20 to 24,294,All causes,1,Number,2017,6799.515079207299,7056.100293598461,6563.034796194672
4,YLLs (Years of Life Lost),4623,East of England,2,Female,9,20 to 24,294,All causes,1,Number,2017,2730.7679989317044,2833.2052716555904,2627.7108450355045
4,YLLs (Years of Life Lost),4623,East of England,1,Male,10,25 to 29,294,All causes,1,Number,2017,7049.7453513126275,7301.118543478574,6814.251277816517
4,YLLs (Years of Life Lost),4623,East of England,2,Female,10,25 to 29,294,All causes,1,Number,2017,3369.897993579159,3505.200143120695,3239.3947058460512
4,YLLs (Years of Life Lost),4623,East of England,1,Male,11,30 to 34,294,All causes,1,Number,2017,8787.299124353849,9092.359116400441,8503.867181966532
4,YLLs (Years of Life Lost),4623,East of England,2,Female,11,30 to 34,294,All causes,1,Number,2017,4605.0263713117,4794.422233801481,4414.066442487099
4,YLLs (Years of Life Lost),4623,East of England,1,Male,12,35 to 39,294,All causes,1,Number,2017,10804.373400134262,11230.20096215326,10402.766478015583
4,YLLs (Years of Life Lost),4623,East of England,2,Female,12,35 to 39,294,All causes,1,Number,2017,5638.88364365054,5907.207829317211,5381.01481449477
4,YLLs (Years of Life Lost),4623,East of England,1,Male,13,40 to 44,294,All causes,1,Number,2017,13395.972484393838,13948.529957813505,12877.126151114118
4,YLLs (Years of Life Lost),4623,East of England,2,Female,13,40 to 44,294,All causes,1,Number,2017,8414.2561086773,8792.146271919428,8044.746313013538
4,YLLs (Years of Life Lost),4623,East of England,1,Male,14,45 to 49,294,All causes,1,Number,2017,18062.64845400765,18820.500881761243,17355.30828760913
4,YLLs (Years of Life Lost),4623,East of England,2,Female,14,45 to 49,294,All causes,1,Number,2017,13783.610308654906,14359.009393083825,13216.561379665514
4,YLLs (Years of Life Lost),4623,East of England,1,Male,15,50 to 54,294,All causes,1,Number,2017,26891.77456587813,28009.666598742,25844.108149930158
4,YLLs (Years of Life Lost),4623,East of England,2,Female,15,50 to 54,294,All causes,1,Number,2017,18828.87263133636,19568.84661099319,18093.23609379737
4,YLLs (Years of Life Lost),4623,East of England,1,Male,16,55 to 59,294,All causes,1,Number,2017,31429.811975666984,32667.079592269656,30275.238176389936
4,YLLs (Years of Life Lost),4623,East of England,2,Female,16,55 to 59,294,All causes,1,Number,2017,23074.03119091997,23980.87170269225,22178.975643642796
4,YLLs (Years of Life Lost),4623,East of England,1,Male,17,60 to 64,294,All causes,1,Number,2017,37150.11490497211,38506.93671319777,35882.10294387265
4,YLLs (Years of Life Lost),4623,East of England,2,Female,17,60 to 64,294,All causes,1,Number,2017,26765.579523186923,27771.83983641419,25767.768684627055
4,YLLs (Years of Life Lost),4623,East of England,1,Male,18,65 to 69,294,All causes,1,Number,2017,49493.26209463882,51279.98129087757,47829.073483325905
4,YLLs (Years of Life Lost),4623,East of England,2,Female,18,65 to 69,294,All causes,1,Number,2017,36222.59616540155,37648.964137318835,34817.19013617317
4,YLLs (Years of Life Lost),4623,East of England,1,Male,19,70 to 74,294,All causes,1,Number,2017,55190.77728831684,57188.95593302033,53344.96652061964
4,YLLs (Years of Life Lost),4623,East of England,2,Female,19,70 to 74,294,All causes,1,Number,2017,40037.23373140774,41666.11066981893,38423.21692905965
4,YLLs (Years of Life Lost),4623,East of England,1,Male,20,75 to 79,294,All causes,1,Number,2017,53796.118039738154,55691.028429516504,52034.17648234813
4,YLLs (Years of Life Lost),4623,East of England,2,Female,20,75 to 79,294,All causes,1,Number,2017,42566.53565291264,44272.82788762668,40871.95597528473
4,YLLs (Years of Life Lost),4623,East of England,1,Male,21,80 plus,294,All causes,1,Number,2017,109674.03926516527,112644.38320393006,106892.33962793025
4,YLLs (Years of Life Lost),4623,East of England,2,Female,21,80 plus,294,All causes,1,Number,2017,129794.97076495634,133725.30033966704,125974.98108609632
4,YLLs (Years of Life Lost),4625,South East England,1,Male,8,15 to 19,294,All causes,1,Number,2017,4731.603584883817,4872.751378723832,4599.351688933059
4,YLLs (Years of Life Lost),4625,South East England,2,Female,8,15 to 19,294,All causes,1,Number,2017,2234.825238020837,2295.143272325108,2174.3154015382415
4,YLLs (Years of Life Lost),4625,South East England,1,Male,9,20 to 24,294,All causes,1,Number,2017,8762.57315935638,9033.943992292847,8513.229408665798
4,YLLs (Years of Life Lost),4625,South East England,2,Female,9,20 to 24,294,All causes,1,Number,2017,2877.177322620225,2964.5489107712715,2796.589077821882
4,YLLs (Years of Life Lost),4625,South East England,1,Male,10,25 to 29,294,All causes,1,Number,2017,10319.934760733306,10610.016832702537,10046.34113403385
4,YLLs (Years of Life Lost),4625,South East England,2,Female,10,25 to 29,294,All causes,1,Number,2017,4653.986430756423,4806.085360994058,4505.06729599218
4,YLLs (Years of Life Lost),4625,South East England,1,Male,11,30 to 34,294,All causes,1,Number,2017,12331.11797095148,12676.249886494781,12004.067269070949
4,YLLs (Years of Life Lost),4625,South East England,2,Female,11,30 to 34,294,All causes,1,Number,2017,7644.35431959149,7882.319691133905,7391.909749910035
4,YLLs (Years of Life Lost),4625,South East England,1,Male,12,35 to 39,294,All causes,1,Number,2017,13081.478839620317,13477.099805651296,12706.43444409046
4,YLLs (Years of Life Lost),4625,South East England,2,Female,12,35 to 39,294,All causes,1,Number,2017,8626.907750786608,8933.040269345422,8314.851478186245
4,YLLs (Years of Life Lost),4625,South East England,1,Male,13,40 to 44,294,All causes,1,Number,2017,18981.291721465863,19593.38805760814,18398.78317581787
4,YLLs (Years of Life Lost),4625,South East England,2,Female,13,40 to 44,294,All causes,1,Number,2017,12275.269468624114,12687.015354911195,11856.95852976969
4,YLLs (Years of Life Lost),4625,South East England,1,Male,14,45 to 49,294,All causes,1,Number,2017,28260.838025955818,29205.205836490783,27363.388625437783
4,YLLs (Years of Life Lost),4625,South East England,2,Female,14,45 to 49,294,All causes,1,Number,2017,18902.96854780753,19509.23030478165,18291.631728860044
4,YLLs (Years of Life Lost),4625,South East England,1,Male,15,50 to 54,294,All causes,1,Number,2017,37109.79697329416,38314.15202951588,35994.05287995559
4,YLLs (Years of Life Lost),4625,South East England,2,Female,15,50 to 54,294,All causes,1,Number,2017,26651.68723365772,27482.28410698727,25828.910402744084
4,YLLs (Years of Life Lost),4625,South East England,1,Male,16,55 to 59,294,All causes,1,Number,2017,47308.55381002468,48797.28502951745,45930.801705852384
4,YLLs (Years of Life Lost),4625,South East England,2,Female,16,55 to 59,294,All causes,1,Number,2017,33675.71073890234,34718.72624399575,32644.004161176425
4,YLLs (Years of Life Lost),4625,South East England,1,Male,17,60 to 64,294,All causes,1,Number,2017,54429.173752680974,56006.36693470086,52949.656770461595
4,YLLs (Years of Life Lost),4625,South East England,2,Female,17,60 to 64,294,All causes,1,Number,2017,36509.68590391965,37609.19314832989,35419.94251319485
4,YLLs (Years of Life Lost),4625,South East England,1,Male,18,65 to 69,294,All causes,1,Number,2017,71497.73813637803,73573.85324488212,69590.78479312168
4,YLLs (Years of Life Lost),4625,South East England,2,Female,18,65 to 69,294,All causes,1,Number,2017,49970.949564541756,51527.25165872894,48439.95773601049
4,YLLs (Years of Life Lost),4625,South East England,1,Male,19,70 to 74,294,All causes,1,Number,2017,76334.75355471206,78543.7813504802,74305.30023655783
4,YLLs (Years of Life Lost),4625,South East England,2,Female,19,70 to 74,294,All causes,1,Number,2017,56306.3262011875,58122.9329238762,54501.445176966714
4,YLLs (Years of Life Lost),4625,South East England,1,Male,20,75 to 79,294,All causes,1,Number,2017,74857.7466532706,76948.2028942275,72921.52631809445
4,YLLs (Years of Life Lost),4625,South East England,2,Female,20,75 to 79,294,All causes,1,Number,2017,59977.503207774,61864.59567624536,58112.401216922095
4,YLLs (Years of Life Lost),4625,South East England,1,Male,21,80 plus,294,All causes,1,Number,2017,154719.18329775703,158051.34345979977,151447.93052641195
4,YLLs (Years of Life Lost),4625,South East England,2,Female,21,80 plus,294,All causes,1,Number,2017,187706.460536694,192156.49832948687,183299.86271956525
4,YLLs (Years of Life Lost),4624,Greater London,1,Male,8,15 to 19,294,All causes,1,Number,2017,4380.7136253935605,4461.729126061448,4302.022406793862
4,YLLs (Years of Life Lost),4624,Greater London,2,Female,8,15 to 19,294,All causes,1,Number,2017,1962.0592343940773,2000.3361324356874,1923.1250943213481
4,YLLs (Years of Life Lost),4624,Greater London,1,Male,9,20 to 24,294,All causes,1,Number,2017,7902.86055687853,8036.512129347339,7763.17890187348
4,YLLs (Years of Life Lost),4624,Greater London,2,Female,9,20 to 24,294,All causes,1,Number,2017,3318.442452803347,3382.2512743958487,3253.8450408392614
4,YLLs (Years of Life Lost),4624,Greater London,1,Male,10,25 to 29,294,All causes,1,Number,2017,10012.57361777373,10180.621283483553,9845.270385277881
4,YLLs (Years of Life Lost),4624,Greater London,2,Female,10,25 to 29,294,All causes,1,Number,2017,4484.096946981992,4577.61274030223,4390.74976344524
4,YLLs (Years of Life Lost),4624,Greater London,1,Male,11,30 to 34,294,All causes,1,Number,2017,12802.964919079175,13013.520886474636,12587.31618273391
4,YLLs (Years of Life Lost),4624,Greater London,2,Female,11,30 to 34,294,All causes,1,Number,2017,6401.52437086742,6539.098287632113,6266.287101554165
4,YLLs (Years of Life Lost),4624,Greater London,1,Male,12,35 to 39,294,All causes,1,Number,2017,15509.94597483924,15796.086107129977,15230.875308532193
4,YLLs (Years of Life Lost),4624,Greater London,2,Female,12,35 to 39,294,All causes,1,Number,2017,8308.474201165363,8502.364852979365,8119.249508392757
4,YLLs (Years of Life Lost),4624,Greater London,1,Male,13,40 to 44,294,All causes,1,Number,2017,19315.1107050367,19667.622889354625,18961.57870373431
4,YLLs (Years of Life Lost),4624,Greater London,2,Female,13,40 to 44,294,All causes,1,Number,2017,11753.914700114557,12015.143740645917,11507.191670803231
4,YLLs (Years of Life Lost),4624,Greater London,1,Male,14,45 to 49,294,All causes,1,Number,2017,26141.293244496195,26629.100333076396,25653.742918842345
4,YLLs (Years of Life Lost),4624,Greater London,2,Female,14,45 to 49,294,All causes,1,Number,2017,17005.750684391725,17364.202960227653,16665.107112446552
4,YLLs (Years of Life Lost),4624,Greater London,1,Male,15,50 to 54,294,All causes,1,Number,2017,35200.73577676288,35850.36278938362,34565.21075077478
4,YLLs (Years of Life Lost),4624,Greater London,2,Female,15,50 to 54,294,All causes,1,Number,2017,23100.52307598447,23564.908734076285,22664.527920425724
4,YLLs (Years of Life Lost),4624,Greater London,1,Male,16,55 to 59,294,All causes,1,Number,2017,38126.45779090648,38815.708336189666,37475.56297487719
4,YLLs (Years of Life Lost),4624,Greater London,2,Female,16,55 to 59,294,All causes,1,Number,2017,25927.056392127033,26444.876924232274,25442.023814415545
4,YLLs (Years of Life Lost),4624,Greater London,1,Male,17,60 to 64,294,All causes,1,Number,2017,41223.69634045267,41927.56030489769,40557.481315067686
4,YLLs (Years of Life Lost),4624,Greater London,2,Female,17,60 to 64,294,All causes,1,Number,2017,26059.594678446272,26561.366036799358,25584.362281626218
4,YLLs (Years of Life Lost),4624,Greater London,1,Male,18,65 to 69,294,All causes,1,Number,2017,45986.35399146718,46752.34610554175,45264.52402717476
4,YLLs (Years of Life Lost),4624,Greater London,2,Female,18,65 to 69,294,All causes,1,Number,2017,31402.402661538752,32033.52840194731,30806.397296739695
4,YLLs (Years of Life Lost),4624,Greater London,1,Male,19,70 to 74,294,All causes,1,Number,2017,44201.17921439844,44948.78487958791,43510.95302147141
4,YLLs (Years of Life Lost),4624,Greater London,2,Female,19,70 to 74,294,All causes,1,Number,2017,34816.20945081979,35546.152457779084,34112.51002241432
4,YLLs (Years of Life Lost),4624,Greater London,1,Male,20,75 to 79,294,All causes,1,Number,2017,44511.05510547923,45252.8414861229,43827.96714669402
4,YLLs (Years of Life Lost),4624,Greater London,2,Female,20,75 to 79,294,All causes,1,Number,2017,35739.623235947554,36480.713247468,35036.872144147565
4,YLLs (Years of Life Lost),4624,Greater London,1,Male,21,80 plus,294,All causes,1,Number,2017,83692.0569161878,84751.86020194454,82669.04948082133
4,YLLs (Years of Life Lost),4624,Greater London,2,Female,21,80 plus,294,All causes,1,Number,2017,100571.13019897904,102165.73393616847,99072.8175258642
4,YLLs (Years of Life Lost),4626,South West England,1,Male,8,15 to 19,294,All causes,1,Number,2017,2781.4171986013516,2867.08938639495,2698.146800762553
4,YLLs (Years of Life Lost),4626,South West England,2,Female,8,15 to 19,294,All causes,1,Number,2017,2095.5073391584947,2148.6142053898234,2037.984541222758
4,YLLs (Years of Life Lost),4626,South West England,1,Male,9,20 to 24,294,All causes,1,Number,2017,5678.521189020117,5851.893839509328,5517.351572711655
4,YLLs (Years of Life Lost),4626,South West England,2,Female,9,20 to 24,294,All causes,1,Number,2017,2708.36786542494,2788.1038209913117,2630.21572413114
4,YLLs (Years of Life Lost),4626,South West England,1,Male,10,25 to 29,294,All causes,1,Number,2017,6620.595562665341,6807.511195510519,6447.331404065951
4,YLLs (Years of Life Lost),4626,South West England,2,Female,10,25 to 29,294,All causes,1,Number,2017,3722.101069186179,3832.7310136906463,3612.3267657360857
4,YLLs (Years of Life Lost),4626,South West England,1,Male,11,30 to 34,294,All causes,1,Number,2017,7200.904305442676,7407.932671243109,7008.334687174891
4,YLLs (Years of Life Lost),4626,South West England,2,Female,11,30 to 34,294,All causes,1,Number,2017,4493.96699446693,4628.741723260444,4353.728487317685
4,YLLs (Years of Life Lost),4626,South West England,1,Male,12,35 to 39,294,All causes,1,Number,2017,8847.405757796545,9123.658035045017,8591.91201363076
4,YLLs (Years of Life Lost),4626,South West England,2,Female,12,35 to 39,294,All causes,1,Number,2017,5421.945972108155,5597.966190915887,5237.15114077437
4,YLLs (Years of Life Lost),4626,South West England,1,Male,13,40 to 44,294,All causes,1,Number,2017,12483.856744354,12891.756091018531,12098.147318009398
4,YLLs (Years of Life Lost),4626,South West England,2,Female,13,40 to 44,294,All causes,1,Number,2017,7619.533883881091,7861.784425365648,7368.21360190061
4,YLLs (Years of Life Lost),4626,South West England,1,Male,14,45 to 49,294,All causes,1,Number,2017,18366.640193681076,18970.362389710775,17787.907609222584
4,YLLs (Years of Life Lost),4626,South West England,2,Female,14,45 to 49,294,All causes,1,Number,2017,12687.70763861263,13063.878539392786,12292.30585667125
4,YLLs (Years of Life Lost),4626,South West England,1,Male,15,50 to 54,294,All causes,1,Number,2017,23514.50131400844,24270.950361245817,22796.85282102739
4,YLLs (Years of Life Lost),4626,South West England,2,Female,15,50 to 54,294,All causes,1,Number,2017,17844.85585191757,18355.01087285992,17309.33424015536
4,YLLs (Years of Life Lost),4626,South West England,1,Male,16,55 to 59,294,All causes,1,Number,2017,29286.28704422149,30189.03430011258,28436.006472814097
4,YLLs (Years of Life Lost),4626,South West England,2,Female,16,55 to 59,294,All causes,1,Number,2017,21731.53520036127,22337.84883068741,21087.473055441864
4,YLLs (Years of Life Lost),4626,South West England,1,Male,17,60 to 64,294,All causes,1,Number,2017,36955.9964996678,38036.2576882893,35981.559132389375
4,YLLs (Years of Life Lost),4626,South West England,2,Female,17,60 to 64,294,All causes,1,Number,2017,26064.028767555377,26772.601408734936,25316.07308604961
4,YLLs (Years of Life Lost),4626,South West England,1,Male,18,65 to 69,294,All causes,1,Number,2017,48760.53293961256,50212.003043599136,47443.88740405225
4,YLLs (Years of Life Lost),4626,South West England,2,Female,18,65 to 69,294,All causes,1,Number,2017,35536.91247493715,36523.388861084335,34483.635163107174
4,YLLs (Years of Life Lost),4626,South West England,1,Male,19,70 to 74,294,All causes,1,Number,2017,54487.22032552123,56084.91580362825,53029.04204915585
4,YLLs (Years of Life Lost),4626,South West England,2,Female,19,70 to 74,294,All causes,1,Number,2017,40007.88480805545,41183.83832063072,38802.173360213674
4,YLLs (Years of Life Lost),4626,South West England,1,Male,20,75 to 79,294,All causes,1,Number,2017,52023.04685185425,53507.31405067399,50670.04997533597
4,YLLs (Years of Life Lost),4626,South West England,2,Female,20,75 to 79,294,All causes,1,Number,2017,43118.46026990767,44346.5984053055,41839.931981011534
4,YLLs (Years of Life Lost),4626,South West England,1,Male,21,80 plus,294,All causes,1,Number,2017,110199.87899027648,112620.89354784937,108018.5532840878
4,YLLs (Years of Life Lost),4626,South West England,2,Female,21,80 plus,294,All causes,1,Number,2017,136497.54772709016,139308.91031793793,133413.74613251185
4,YLLs (Years of Life Lost),4621,East Midlands,1,Male,8,15 to 19,294,All causes,1,Number,2017,3113.2208861954728,3218.419707020832,3005.2138504722543
4,YLLs (Years of Life Lost),4621,East Midlands,2,Female,8,15 to 19,294,All causes,1,Number,2017,1513.462799957261,1569.354253221976,1459.04915542099
4,YLLs (Years of Life Lost),4621,East Midlands,1,Male,9,20 to 24,294,All causes,1,Number,2017,6048.981718629259,6261.465019742253,5833.927744469403
4,YLLs (Years of Life Lost),4621,East Midlands,2,Female,9,20 to 24,294,All causes,1,Number,2017,1597.0015370890721,1660.0289383054705,1533.0508905099935
4,YLLs (Years of Life Lost),4621,East Midlands,1,Male,10,25 to 29,294,All causes,1,Number,2017,6292.726294077172,6503.342924828686,6086.350485170623
4,YLLs (Years of Life Lost),4621,East Midlands,2,Female,10,25 to 29,294,All causes,1,Number,2017,2438.3174576295887,2538.644455662439,2338.3189422631217
4,YLLs (Years of Life Lost),4621,East Midlands,1,Male,11,30 to 34,294,All causes,1,Number,2017,6845.646182263165,7078.870374561045,6618.257572487264
4,YLLs (Years of Life Lost),4621,East Midlands,2,Female,11,30 to 34,294,All causes,1,Number,2017,3672.5388575784104,3826.7877578637103,3518.880722944167
4,YLLs (Years of Life Lost),4621,East Midlands,1,Male,12,35 to 39,294,All causes,1,Number,2017,8130.661643377812,8433.90432726983,7840.266183978549
4,YLLs (Years of Life Lost),4621,East Midlands,2,Female,12,35 to 39,294,All causes,1,Number,2017,4902.3678122902065,5134.328692030886,4671.830969611008
4,YLLs (Years of Life Lost),4621,East Midlands,1,Male,13,40 to 44,294,All causes,1,Number,2017,11826.726095196462,12273.442294483746,11383.693572170157
4,YLLs (Years of Life Lost),4621,East Midlands,2,Female,13,40 to 44,294,All causes,1,Number,2017,7137.486604655077,7454.000319875084,6813.091099182529
4,YLLs (Years of Life Lost),4621,East Midlands,1,Male,14,45 to 49,294,All causes,1,Number,2017,15826.933492977623,16443.30371587952,15218.234993865548
4,YLLs (Years of Life Lost),4621,East Midlands,2,Female,14,45 to 49,294,All causes,1,Number,2017,11209.293291129135,11671.703163143202,10725.871575656744
4,YLLs (Years of Life Lost),4621,East Midlands,1,Male,15,50 to 54,294,All causes,1,Number,2017,22434.008544962617,23300.218656346216,21592.4659706589
4,YLLs (Years of Life Lost),4621,East Midlands,2,Female,15,50 to 54,294,All causes,1,Number,2017,15664.065110246893,16284.60083230233,15021.282230258616
4,YLLs (Years of Life Lost),4621,East Midlands,1,Male,16,55 to 59,294,All causes,1,Number,2017,27576.46443950658,28582.101857950303,26566.133978997506
4,YLLs (Years of Life Lost),4621,East Midlands,2,Female,16,55 to 59,294,All causes,1,Number,2017,19730.72406482418,20487.86631966353,18935.913857592805
4,YLLs (Years of Life Lost),4621,East Midlands,1,Male,17,60 to 64,294,All causes,1,Number,2017,32404.000270104505,33492.9035358783,31302.70884634192
4,YLLs (Years of Life Lost),4621,East Midlands,2,Female,17,60 to 64,294,All causes,1,Number,2017,22437.015271171582,23283.549131022104,21563.215033775778
4,YLLs (Years of Life Lost),4621,East Midlands,1,Male,18,65 to 69,294,All causes,1,Number,2017,43989.03411072339,45441.210131359,42516.14802701263
4,YLLs (Years of Life Lost),4621,East Midlands,2,Female,18,65 to 69,294,All causes,1,Number,2017,30255.891755314766,31431.92217251349,29038.098078472845
4,YLLs (Years of Life Lost),4621,East Midlands,1,Male,19,70 to 74,294,All causes,1,Number,2017,46834.535109617456,48406.13498635164,45263.83340193414
4,YLLs (Years of Life Lost),4621,East Midlands,2,Female,19,70 to 74,294,All causes,1,Number,2017,34422.81719469333,35833.11964259429,33004.90483799457
4,YLLs (Years of Life Lost),4621,East Midlands,1,Male,20,75 to 79,294,All causes,1,Number,2017,44957.06739107195,46418.26558014281,43486.047742334325
4,YLLs (Years of Life Lost),4621,East Midlands,2,Female,20,75 to 79,294,All causes,1,Number,2017,35800.163025903734,37231.61498668398,34355.87679745122
4,YLLs (Years of Life Lost),4621,East Midlands,1,Male,21,80 plus,294,All causes,1,Number,2017,81108.50573098748,83129.82556941049,79027.84735952724
4,YLLs (Years of Life Lost),4621,East Midlands,2,Female,21,80 plus,294,All causes,1,Number,2017,97178.98855718377,100096.50973104897,94347.65524158088
